rank,pref_name,good_point,caution_point
1,沖縄県,海が圧倒的に綺麗,車がないと移動困難
2,北海道,食と自然が最高,広すぎて移動に時間かかる
3,京都府,歴史と寺社が圧巻,観光地が混雑しすぎる
4,東京都,何でも揃う街,人混みと物価が高い
5,大阪府,食い倒れ天国,治安が気になるエリアあり
6,石川県,金沢の街並み美麗,冬の天気が悪すぎる
7,福岡県,屋台グルメ最高,夏の暑さが厳しい
8,兵庫県,神戸の異国情緒,坂が多く歩くと疲れる
9,千葉県,TDRがある,観光地が分散している
10,長野県,山岳リゾート,冬の寒さが半端ない
11,広島県,世界遺産が2つ,市内の路面電車が遅い
12,奈良県,鹿と大仏が癒し,夜の観光スポット少ない
13,長崎県,異国文化が魅力,坂だらけで体力必要
14,静岡県,富士山の絶景,東西に長く周遊大変
15,神奈川県,横浜と鎌倉が人気,週末は渋滞がひどい
16,山梨県,富士山とワイン,車なしだと不便
17,三重県,伊勢神宮は必見,公共交通が少ない
18,大分県,温泉の種類が豊富,車がないと回れない
19,愛知県,名古屋メシ独特,観光地が地味と言われる
20,宮崎県,南国感と自然美,交通アクセスが悪い
21,香川県,うどんが絶品,観光が半日で終わる
22,熊本県,阿蘇の大自然,移動距離が長い
23,岐阜県,白川郷が幻想的,冬は雪で交通麻痺あり
24,新潟県,米と酒が最高,冬の大雪が厳しい
25,鹿児島県,桜島の迫力満点,火山灰が降ってくる
26,岡山県,晴れの国で快適,目立つ観光地が少ない
27,群馬県,草津温泉が最高,車がないと詰む
28,宮城県,牛タンが絶品,仙台以外が回りにくい
29,鳥取県,砂丘が唯一無二,観光スポットが少ない
30,青森県,ねぶた祭が圧巻,冬は豪雪で移動困難
31,和歌山県,熊野古道が神秘的,アクセスが悪すぎる
32,島根県,出雲大社が荘厳,交通が不便すぎる
33,山口県,角島大橋が絶景,見どころが点在している
34,福島県,会津の歴史と自然,原発風評が未だ残る
35,富山県,立山黒部が圧巻,冬季は通行止め多い
36,栃木県,日光東照宮が豪華,紅葉期は大渋滞
37,滋賀県,琵琶湖の開放感,通過されがち
38,山形県,蔵王と温泉が良い,冬の移動が大変
39,秋田県,なまはげと温泉,冬が長く暗い
40,高知県,カツオが新鮮絶品,交通の便が悪い
41,愛媛県,道後温泉が風情,松山以外が不便
42,岩手県,平泉と自然が雄大,県が広すぎて周遊困難
43,福井県,恐竜博物館が楽しい,冬の大雪リスクあり
44,茨城県,魅力度最下位は嘘,車がないと不便
45,埼玉県,都心近くで穴場,観光目的地になりにくい
46,佐賀県,呼子イカが絶品,知名度が低く情報少ない
47,徳島県,阿波踊りが圧巻,祭り以外の知名度低い
